{
  "train/loss": {
    "final": 0.0063154567033052444,
    "min": 0.006246894598007202,
    "max": 0.19301269948482513,
    "mean": 0.014437450940534472
  },
  "train/residual_loss": {
    "final": 0.003146498929709196,
    "min": 0.0030158550944179296,
    "max": 0.04808017611503601,
    "mean": 0.008468296497548
  },
  "train/reconst_loss": {
    "final": 0.15844789147377014,
    "min": 0.141547292470932,
    "max": 8.364097595214844,
    "mean": 0.29845772924274205
  },
  "train/prediction_loss": {
    "final": 0.10150276124477386,
    "min": 0.09320442378520966,
    "max": 4.151366233825684,
    "mean": 0.17322261585071683
  },
  "train/sparsity_loss": {
    "final": 3.1649982929229736,
    "min": 3.1649982929229736,
    "max": 22.739707946777344,
    "mean": 6.989761409235
  },
  "train/A_max_eigenvalue": {
    "final": 1.0004115104675293,
    "min": 1.0,
    "max": 1.0004322528839111,
    "mean": 1.0003950495719909
  },
  "train/sparsity_ratio": {
    "final": 0.0,
    "min": 0.0,
    "max": 0.0,
    "mean": 0.0
  },
  "eval/mean_error": {
    "final": 1.109977126121521,
    "min": 0.1672816425561905,
    "max": 4.102903842926025,
    "mean": 0.8078242270719438
  },
  "eval/final_error": {
    "final": 2.037741184234619,
    "min": 0.1871740221977234,
    "max": 4.150102138519287,
    "mean": 1.3328602392049063
  }
}