{
  "train/loss": {
    "final": 0.0333324633538723,
    "min": 0.030864613130688667,
    "max": 1.0477811098098755,
    "mean": 0.05434148877067491
  },
  "train/residual_loss": {
    "final": 0.0010050535202026367,
    "min": 0.0008388207643292844,
    "max": 0.007947743870317936,
    "mean": 0.0018214376775489655
  },
  "train/reconst_loss": {
    "final": 0.002532229758799076,
    "min": 0.0017717145383358002,
    "max": 2.034559726715088,
    "mean": 0.02107354693899979
  },
  "train/prediction_loss": {
    "final": 0.001304285484366119,
    "min": 0.0009595758747309446,
    "max": 1.0171972513198853,
    "mean": 0.010663791650207713
  },
  "train/sparsity_loss": {
    "final": 3.1061296463012695,
    "min": 2.459982395172119,
    "max": 12.154455184936523,
    "mean": 4.198327853345871
  },
  "train/A_max_eigenvalue": {
    "final": 1.0022128820419312,
    "min": 1.0,
    "max": 1.0050872564315796,
    "mean": 1.002945321547985
  },
  "train/sparsity_ratio": {
    "final": 0.70068359375,
    "min": 0.4259033203125,
    "max": 0.7049560546875,
    "mean": 0.6768632690429688
  },
  "eval/mean_error": {
    "final": 0.24517486989498138,
    "min": 0.1290186643600464,
    "max": 0.8049824237823486,
    "mean": 0.24128231951376286
  },
  "eval/final_error": {
    "final": 0.7241677045822144,
    "min": 0.2323766052722931,
    "max": 1.3480477333068848,
    "mean": 0.46240472938956284
  }
}