{
  "train/loss": {
    "final": 0.008331379853188992,
    "min": 0.008248306810855865,
    "max": 0.1833113729953766,
    "mean": 0.022305049298889934
  },
  "train/residual_loss": {
    "final": 0.005600037984549999,
    "min": 0.005600037984549999,
    "max": 0.04379142075777054,
    "mean": 0.013064011488948018
  },
  "train/reconst_loss": {
    "final": 0.1365671008825302,
    "min": 0.1269376575946808,
    "max": 8.342604637145996,
    "mean": 0.4620519012719393
  },
  "train/prediction_loss": {
    "final": 0.08066269755363464,
    "min": 0.07641150057315826,
    "max": 4.169114112854004,
    "mean": 0.24199624634087086
  },
  "train/sparsity_loss": {
    "final": 6.4304399490356445,
    "min": 3.759091854095459,
    "max": 24.78262710571289,
    "mean": 10.616206534337998
  },
  "train/A_max_eigenvalue": {
    "final": 1.0002155303955078,
    "min": 1.0,
    "max": 1.0002317428588867,
    "mean": 1.0001965577602387
  },
  "train/sparsity_ratio": {
    "final": 0.0,
    "min": 0.0,
    "max": 0.0,
    "mean": 0.0
  },
  "eval/mean_error": {
    "final": 0.8310527205467224,
    "min": 0.3543636202812195,
    "max": 4.1437907218933105,
    "mean": 1.2911281314763157
  },
  "eval/final_error": {
    "final": 1.274745225906372,
    "min": 0.5699770450592041,
    "max": 4.127998352050781,
    "mean": 1.8945946368304165
  }
}